{
    "sensor": "flir_blackfly_s_bfs-u3-16s2c",
    "lens": "cctv_lens_ir_6mm_F1.2_1/3\"",
    "mtx": [
        [
            1346.4887147368433,
            0.0,
            687.0123485786917
        ],
        [
            0.0,
            1280.3806162381018,
            930.4383406909095
        ],
        [
            0.0,
            0.0,
            1.0
        ]
    ],
    "dist": [
        [
            -0.24138293537813554,
            -0.1337947743995574,
            -0.11898229264394211,
            0.005964331176628837,
            0.15338642536023198
        ]
    ],
    "pmat": [
        [
            2.371202821414853,
            1.0200901026599511,
            -1047.0110235811426
        ],
        [
            -0.00781630092052911,
            2.5676548523938187,
            -418.19554815107
        ],
        [
            1.33226807219326e-06,
            0.0015766499828095365,
            1.0
        ]
    ],
    "maxWidth": 1236,
    "maxHeight": 764,
    "trmat": [
        [
            7.268941886779864e-05,
            -1.3774295733470545e-21,
            -0.04845961257853242
        ],
        [
            -9.336948957055167e-23,
            -0.00014431701094317804,
            0.05845742602511015
        ]
    ],
    "invtrmat": [
        [
            13757.160472265095,
            -1.3130482370674978e-13,
            666.6666666666666
        ],
        [
            -8.900538078226325e-15,
            -6929.190075823633,
            405.0626162713874
        ]
    ]
}